title,role,funder,period,amount,status,description,link,details,images
Optimizing Carbon Efficiency and Equity for Sustainable Modular Construction: An Integrated Total Factor Carbon (TFC) and Game Theory Solution,PI,Research Grants Council (RGC) Early Career Scheme (ECS),2027–2029,"HK$ 522,784",Ongoing,Project No. 25232026. Starts in January 2027.,,,
From Simulation to Reality: A Real-Time Platform for Operational Carbon Monitoring in Modular Integrated Construction (MiC),PI,Environment and Conservation Fund (ECF),2026–2027,"HK$ 499,000",Ongoing,,,,
"Smart Embodied Carbon Management for Modular Buildings: Integrating Large Language Models and Blockchain for Real-Time Tracking, Predictive Analysis, and Adaptive Optimization",PI,Guangdong Basic and Applied Basic Research Fund,2026–2028,"RMB 100,000",Ongoing,,,"This project aims to develop an intelligent and trustworthy system for quantifying, monitoring, and optimizing embodied carbon emissions in modular buildings. By integrating large language models (LLMs), BIM-IoT sensing, and blockchain, it establishes a digital twin platform to enable automated carbon accounting and real-time management, supporting the low-carbon transition of the construction industry.",assets/img/projects/smart-embodied-carbon-1.jpg; assets/img/projects/smart-embodied-carbon-2.jpg
Carbon Credits as a Catalyst for Promoting Modular Integrated Construction (MiC) in Hong Kong: Empirical Analysis and Policy Strategies,PI,Public Policy Research Funding Scheme,2025–2026,"HK$ 569,020",Ongoing,Project No. 2025.A6.277.,,,
Supply Chain Embodied Carbon Optimization for Sustainable High-Rise Modular Buildings,PI,PolyU Start-up Fund for New Recruits,2024–2026,"HK$ 1,000,000",Ongoing,Project No. P0053204.,,,
Tracing and Optimizing the Embodied Carbon Flows of Modular Buildings in the Greater Bay Area,PI,Research Grants Council (RGC) General Research Fund (GRF),2024–2026,"HK$ 865,941",Ongoing,Project No. 15220923.,,,
Development of an Integrated Dynamic Digital Twin-Based Approach for Net Zero Carbon Retrofitting of Existing Building Stock,PI,PolyU Postdoc Matching Fund Scheme,2024–2026,"HK$ 1,132,781",Ongoing,Project No. P0047638.,,,
Enhancing Sustainability in Modular Building: A Systematic Study on Embodied Carbon Assessment and Synergetic Carbon Optimization with Circular Carbon Principles,PI,National Natural Science Foundation of China (NSFC) Young Scientists Fund,2024–2026,"RMB 300,000",Ongoing,Project No. 72301232.,,,
"Enhancing Transparency, Traceability, and Trustworthiness of Carbon Product Labeling through Blockchain Technology for Modular Integrated Construction (MiC) in Hong Kong",PI,PolyU Research Incentive Scheme,2023–2025,"HK$ 1,000,000",Completed,,,,
"Blockchain-Enabled IoT-BIM Platform for Estimating, Monitoring, and Reducing Carbon Emissions of Buildings",PI,University Grants Committee (UGC) Carbon Neutrality Funding Scheme,2023–2025,"HK$ 1,760,000",Completed,Project No. P0043733.,,,
"Achieving Low-Carbon, Low-Cost Products in Prefabricated and Modular Construction for High-Rise Residential Buildings",PI,Guangdong Basic and Applied Basic Research Fund,2023–2025,"RMB 100,000",Completed,Project No. 2023A1515012558.,,,
Development of a Low Carbon Hybrid Bridge Piers System through Innovative Prefabrication,PI,PolyU Joint Postdoc Scheme with Non-local Institutions (Tsinghua University),2022–2025,"HK$ 578,100",Completed,Project No. P0042938.,,,
Reducing the Life Cycle Embodied Carbon Emissions of Prefabricated and Modular Residential Buildings,PI,PolyU Start-up Fund for RAPs under the Strategic Hiring Scheme,2022–2024,"HK$ 600,000",Completed,Project No. P0042633.,,,
Research on the Stakeholder Relationships within the Industry Chain of Industrialized Building in China Based on Social Network and Coevolution,PI,Chongqing Graduate Student Research Innovation Fund,2015–2016,"RMB 10,000",Completed,Project No. CYS15002.,,,
Large Language Models and Knowledge Graphs Enabled IoT-BIM Platform for Production Scheduling in Modular Integrated Construction (MiC),Co-PI,Innovation and Technology Fund (ITF),2025–2027,"HK$ 7,177,649.95",Ongoing,Project No. TP/041/24LP.,,,
Hybrid Pose Adjustment (HyPA) Robot for Assembly Process in Modular Integrated Construction (MiC),Co-PI,Innovation and Technology Fund (ITF),2024–2026,"HK$ 4,774,832.60 + HK$ 5,001,000 sponsorship",Ongoing,Project No. PRP/048/24LI.,,,
Blockchain-Enabled IoT-BIM Platform (BIBP) for Quality and Process Management in Modular Integrated Construction (MiC),Co-I,University Grants Committee (UGC) Carbon Neutrality Funding Scheme,2024–2026,"HK$ 4,250,000",Completed,,,,
Development of an Integrated Dynamic Digital Twin-Based Approach for Net Zero Carbon Retrofitting of Existing Building Stock,Co-I,Research Grants Council (RGC) General Research Fund (GRF),2024–2026,"HK$ 1,132,781",Ongoing,Project No. 15206823.,,,
Research on the Intelligent Carbon Emission Monitoring System,Co-I,Shenzhen Key Basic Research Project,2023–2025,"RMB 1,500,000",Completed,Project No. 20220283.,,,
Reducing the Lifecycle Embodied Carbon Emissions of Steel Modular Emergency Facilities through Circular End-of-Life Strategies,Co-I,Research Grants Council (RGC) General Research Fund (GRF),2024–2026,"HK$ 965,519",Ongoing,Project No. 17210223.,,,
"CarbonGuard: A Blockchain-Enabled IoT-BIM Platform for Automated Estimation, Reliable Monitoring, and Proactive Reduction of Carbon Emissions in Modular Integrated Construction (MiC)",Co-I,Environment and Conservation Fund (ECF),2024–2026,"HK$ 500,000",Completed,Project No. 116/2023.,,,
Optimizing Total Factor Sustainability of Tall Residential Buildings through Innovative Modular Integrated Construction,Lead Researcher,Research Grants Council (RGC) Collaborative Research Fund (CRF),2021–2024,"HK$ 5,750,000",Completed,Project No. C7047-20GF.,,,
A Smart-Tech Integrated System for Estimating and Benchmarking Embodied Carbon Emissions of Prefabricated Public Residential Buildings in Hong Kong,Lead Researcher,Research Grants Council (RGC) General Research Fund (GRF),2020–2022,"HK$ 748,300",Completed,Project No. 17203219.,,,
Implications of Optimizing Prefabrication for the Life Cycle Carbon Emissions (LCCa) of High-Rise Residential Buildings in Hong Kong,Lead Researcher,Research Grants Council (RGC) General Research Fund (GRF),2016–2018,"HK$ 763,032",Completed,Project No. 17207115.,,,
Reducing Construction Waste in Hong Kong through Adopting Innovative Modular Integrated Construction (MiC),Key Participant,Environment and Conservation Fund (ECF),2021–2022,"HK$ 482,600",Completed,Project No. ECF 2019-107.,,,
Systematic Optimization of Modular Integrated Construction for Maximum Embodied Carbon Reduction of High-Rise Residential Buildings in Hong Kong,Key Participant,Research Grants Council (RGC) General Research Fund (GRF),2020–2022,"HK$ 873,995",Completed,Project No. 17201120.,,,
